Finding,Test_Samples,Positive_Cases,Negative_Cases,Threshold,Accuracy,Precision,Recall,F1,AUROC,AUPRC
Atelectasis,250,245,5,0.05,0.98,0.98,1.0,0.98989898989899,0.5526530612244898,0.9849848223438931
Cardiomegaly,230,200,30,0.05,0.8521739130434782,0.8672566371681416,0.98,0.9201877934272301,0.8179999999999998,0.9681227833444879
Consolidation,93,85,8,0.19,0.8709677419354839,0.9101123595505618,0.9529411764705882,0.9310344827586207,0.7132352941176471,0.9679664397899629
Edema,200,119,81,0.27,0.635,0.6533333333333333,0.8235294117647058,0.728624535315985,0.7056748625376077,0.8054333546610051
Enlarged Cardiomediastinum,45,38,7,0.05,0.8444444444444444,0.8444444444444444,1.0,0.9156626506024096,0.6879699248120301,0.9258259952634315
Fracture,10,9,1,0.5,0.5,1.0,0.4444444444444444,0.6153846153846153,0.5555555555555556,0.9430776014106428
Lung Lesion,24,24,0,0.5,0.7916666666666666,1.0,0.7916666666666666,0.8837209302325582,,0.9999999999998435
Lung Opacity,259,247,12,0.05,0.9536679536679536,0.9536679536679536,1.0,0.9762845849802371,0.6204453441295545,0.9727258254671267
Pleural Effusion,325,281,44,0.18000000000000005,0.8061538461538461,0.8732876712328768,0.9074733096085409,0.8900523560209423,0.7289712067292139,0.9465416962059956
Pleural Other,1,1,0,0.5,0.0,0.0,0.0,0.0,,0.9999999999995
Pneumonia,99,71,28,0.29000000000000004,0.7474747474747475,0.75,0.971830985915493,0.8466257668711656,0.7223340040241449,0.8700165701372753
Pneumothorax,211,35,176,0.6900000000000002,0.7914691943127962,0.3902439024390244,0.45714285714285713,0.42105263157894735,0.7116883116883117,0.4376016747730088
Support Devices,432,420,12,0.05,0.9722222222222222,0.9722222222222222,1.0,0.9859154929577464,0.8630952380952381,0.9952843641208683
MACRO AVERAGE,2179,1775,404,0.25923076923076926,0.7496339023016644,0.7841975787737353,0.7945406809240997,0.7772649869253421,0.6981475275376176,0.9090447021166953
